date,time,DOY,UNNAMED_1_1_1,LOGGERTEMP_1_1_1,VIN_1_1_1,RG_1_1_1,RH_1_1_1,RN_1_1_1,TA_1_1_1,TS_1_1_1,TS_2_1_1,TW_1_1_1
[yyyy-mm-dd],[HH:MM],[ddd.ddd],[OTHER],[C],[V],[W/m^2],[%],[W/m^2],[K],[K],[K],[C]
2015-11-12,16:26,316.684,3.0113199999999999E-308,31.095000000000002,11.935073333333333,499.81601666666671,72.799376666666660,5069.1716666666662,302.51843166666669,304.08628666666669,303.91719333333333,40.914716666666664
2015-11-12,16:56,316.705,3.0113199999999999E-308,30.948333333333334,11.935428333333334,290.78190166666684,73.198716666666670,2743.3103166666683,302.43801333333334,304.17942166666671,303.97221833333333,40.864186666666669
2015-11-12,17:26,316.726,3.0113199999999999E-308,30.631666666666668,11.935900000000000,62.256596666666695,75.535241666666664,273.71173315000027,302.10636333333338,304.10973833333338,304.00388833333335,40.264618333333331
2015-11-12,17:56,316.747,3.0113199999999999E-308,30.203333333333333,11.936280000000000,23.421239999999997,79.743944999999997,-155.73330018333343,301.56514333333337,303.88113166666670,303.94431333333335,39.580918333333337
2015-11-12,18:26,316.767,3.0113199999999999E-308,29.696666666666665,11.936396666666667,13.438323333333335,83.497900000000001,-379.63136666666674,300.99032333333338,302.01734000000005,303.86386000000005,39.179858333333335
2015-11-12,18:56,316.788,3.0113199999999999E-308,29.056666666666665,11.936470000000000,9.8799655000000008,86.906525000000002,-553.60996666666665,300.38715000000002,299.84542666666670,303.84551500000003,38.678780000000003
2015-11-12,19:26,316.809,3.0113199999999999E-308,28.283333333333331,11.936451666666667,4.5417784566666688,89.338229999999996,-645.39229999999998,299.80745833333333,299.25469000000004,303.81708166666670,38.200571666666669
2015-11-12,19:56,316.830,3.0113199999999999E-308,27.703333333333333,11.936948333333333,0.14763019333333338,89.304441666666662,-718.19773333333330,299.61552833333337,299.05126000000001,303.79833500000001,38.150240000000004
2015-11-12,20:26,316.851,3.0113199999999999E-308,27.419999999999998,11.936601666666666,-0.10294405333333338,87.601405000000000,-791.70833333333337,299.74428166666667,298.92035166666670,303.78991333333335,38.160031666666669
2015-11-12,20:56,316.872,3.0113199999999999E-308,27.028333333333332,11.935483333333334,-0.20357092166666668,88.740453333333335,-742.51703333333342,299.21387333333337,300.66238000000004,303.67775166666667,37.681526666666663
2015-11-12,21:26,316.892,3.0113199999999999E-308,26.428333333333335,11.935313333333333,-0.21979036499999996,92.195189999999997,-627.00128333333328,298.28207833333335,302.98108999999999,303.52960166666668,37.214534999999998
2015-11-12,21:56,316.913,3.0113199999999999E-308,25.879999999999999,11.935778333333333,-0.14961634333333335,94.003331666666668,-614.24423333333334,297.86523000000005,303.42806666666667,303.42754000000002,37.041494999999998
2015-11-12,22:26,316.934,3.0113199999999999E-308,25.565000000000001,11.935824999999999,1.6550471666666657E-002,95.008806666666672,-659.06295000000000,297.91361333333333,303.32133666666670,303.34819666666669,36.995761666666667
2015-11-12,22:56,316.955,3.0113199999999999E-308,25.500000000000000,11.935151666666666,2.8135801666666672E-002,95.218896666666666,-707.42006666666668,298.26592666666670,303.28495166666670,303.31772166666667,37.111688333333333
2015-11-12,23:26,316.976,3.0113199999999999E-308,25.510000000000002,11.935040000000001,3.2438914999999999E-002,95.199624999999997,-707.34720000000004,298.46771833333338,303.28114833333336,303.31095166666671,37.167051666666666
2015-11-12,23:56,316.997,3.0113199999999999E-308,25.605000000000000,11.935314999999999,-0.11221224833333331,95.420535000000001,-691.24693333333335,298.63397333333336,303.26080833333333,303.29602166666672,37.181541666666668
2015-11-13,00:26,317.018,3.0113199999999999E-308,25.765000000000001,11.935788333333333,-0.17940719666666666,95.804853333333327,-692.51143333333334,298.89364833333337,303.24616000000003,303.27472333333338,37.362241666666669
2015-11-13,00:56,317.038,3.0113199999999999E-308,25.965000000000000,11.934918333333334,-1.6881541666666642E-002,95.876350000000002,-712.05095000000006,299.06716333333338,303.23883333333333,303.26381000000003,37.537741666666669
2015-11-13,01:26,317.059,3.0113199999999999E-308,26.115000000000002,11.934763333333333,2.3170633333332966E-003,95.591568333333328,-731.70298333333335,299.10774000000004,303.22166500000003,303.25407666666666,37.601239999999997
2015-11-13,01:56,317.080,3.0113199999999999E-308,26.230000000000000,11.935126666666667,-0.13041772166666663,95.612288333333339,-742.57005000000004,299.04771666666670,303.20111500000002,303.23712333333333,37.597731666666668
2015-11-13,02:26,317.101,3.0113199999999999E-308,26.320000000000000,11.935404999999999,-0.10956416666666675,95.855106666666671,-740.43171666666672,298.89335333333338,303.17822833333338,303.21428333333336,37.516638333333333
2015-11-13,02:56,317.122,3.0113199999999999E-308,26.215000000000000,11.936438333333333,-2.1846643333333346E-002,95.833403333333337,-737.89943333333338,298.71029666666669,303.15029500000003,303.18911166666669,37.345725000000002
2015-11-13,03:26,317.143,3.0113199999999999E-308,26.100000000000001,11.936518333333334,-6.9512116666666764E-003,95.468249999999998,-751.90446666666662,298.48625000000004,303.12823000000003,303.16601666666668,37.145800000000001
2015-11-13,03:56,317.163,3.0113199999999999E-308,25.965000000000000,11.936001666666666,2.8135781666666675E-002,95.078998333333331,-772.78449999999998,298.29734666666667,303.11028333333337,303.14517333333333,36.979756666666667
2015-11-13,04:26,317.184,3.0113199999999999E-308,25.810000000000002,11.935788333333333,4.6010310000000006E-002,94.717911666666666,-780.80481666666662,298.21672000000001,303.09292833333336,303.12810000000002,36.826273333333333
2015-11-13,04:56,317.205,3.0113199999999999E-308,25.745000000000001,11.936365000000000,4.8658386666666671E-002,93.986343333333338,-724.32473333333337,298.30352500000004,303.03275000000002,303.08694000000003,36.766858333333332
2015-11-13,05:26,317.226,3.0113199999999999E-308,25.754999999999999,11.936858333333333,2.8135791666666635E-002,92.878278333333327,-673.80615000000000,298.58956833333337,302.98493000000002,303.02576500000004,36.917909999999999
2015-11-13,05:56,317.247,3.0113199999999999E-308,25.890000000000001,11.936545000000001,-0.12909371333333333,92.110391666666672,-754.16195000000005,298.70853833333337,302.97662666666668,303.02608500000002,36.995558333333335
2015-11-13,06:26,317.268,3.0113199999999999E-308,25.895000000000000,11.937060000000001,-0.11916342666666659,91.607534999999999,-843.84893333333332,298.54611333333338,301.78131666666667,303.07119666666671,36.887781666666669
2015-11-13,06:56,317.288,3.0113199999999999E-308,25.800000000000001,11.937273333333334,-1.7874513333333338E-002,91.781938333333329,-847.06640000000004,298.39636666666667,299.45593000000002,303.06522666666672,36.839348333333334
2015-11-13,07:26,317.309,3.0113199999999999E-308,25.699999999999999,11.936843333333334,3.0386659283333350,92.282196666666664,-780.58645000000013,298.31981666666667,298.19911833333339,303.03616000000005,36.729811666666670
2015-11-13,07:56,317.330,3.0113199999999999E-308,25.620000000000001,11.936043333333334,20.059162833333325,91.936656666666664,-522.95520833333319,298.48336333333333,298.25963000000002,303.01710166666669,36.820535000000000
2015-11-13,08:26,317.351,3.0113199999999999E-308,25.899999999999999,11.935465000000001,58.112658333333329,90.192691666666661,1.3538016666669441,299.11423000000002,298.67090000000002,303.00149500000003,37.296844999999998
2015-11-13,08:56,317.372,3.0113199999999999E-308,26.719999999999999,11.935803333333332,140.45855500000005,86.155081666666675,1213.1855599999992,300.03333000000003,299.37590833333337,303.01834000000002,38.060904999999998
2015-11-13,09:26,317.392,3.0113199999999999E-308,28.351666666666667,11.936068333333333,251.53541666666666,80.803070000000005,2795.6057333333333,300.67336166666666,300.44204000000002,303.08088833333335,38.768356666666669
2015-11-13,09:56,317.413,3.0113199999999999E-308,30.289999999999999,11.935318333333333,334.11626666666666,76.710453333333334,4205.1435000000001,301.21564333333333,301.99160500000005,303.14285166666667,39.329279999999997
2015-11-13,10:26,317.434,3.0113199999999999E-308,31.581666666666667,11.935650000000001,275.12636666666663,76.566523333333336,3602.9808333333331,301.69702000000001,303.04325333333338,303.15810500000003,39.567873333333331
2015-11-13,10:56,317.455,3.0113199999999999E-308,31.385000000000002,11.935870000000000,175.28436666666667,79.516763333333330,1856.0754166666668,301.02105333333338,303.11006333333336,303.13081333333338,38.723565000000001
2015-11-13,11:26,317.476,3.0113199999999999E-308,29.598333333333333,11.935303333333334,142.55250666666666,85.305986666666669,931.71229866666704,299.57712833333335,303.06584666666669,303.09122000000002,36.350875000000002
2015-11-13,11:56,317.497,3.0113199999999999E-308,27.731666666666666,11.935510000000001,253.71768999999998,87.103091666666671,2145.5337153333348,299.39943166666671,303.07070333333337,303.09359499999999,34.957288333333331
2015-11-13,12:26,317.517,3.0113199999999999E-308,27.134999999999998,11.935776666666667,361.46196666666668,82.642894999999996,3897.6493333333333,300.22554166666669,303.10218000000003,303.11837500000001,35.260190000000001
2015-11-13,12:56,317.538,3.0113199999999999E-308,27.645000000000000,11.935808333333334,319.50486666666666,79.537998333333334,3813.8843333333330,300.75793000000004,303.14374166666670,303.13892333333337,35.468425000000003
2015-11-13,13:26,317.559,3.0113199999999999E-308,28.513333333333332,11.935644999999999,502.56504999999993,77.841136666666671,6251.3796666666685,301.30582166666670,303.18631666666670,303.17228000000000,36.497386666666664
2015-11-13,13:56,317.580,3.0113199999999999E-308,29.835000000000001,11.935205000000000,594.30501666666669,73.670073333333335,7410.5834999999997,302.28038833333335,303.23688500000003,303.21311333333335,39.143438333333336
2015-11-13,14:26,317.601,3.0113199999999999E-308,31.121666666666666,11.935536666666666,513.93616666666662,69.169723333333337,6298.9070000000002,303.09178833333334,303.30059000000000,303.25192000000004,41.264065000000002
2015-11-13,14:56,317.622,3.0113199999999999E-308,31.730000000000000,11.935818333333334,579.49193333333335,67.091189999999997,7042.6276666666663,303.33448333333337,303.35733666666670,303.28590833333334,41.588925000000003
2015-11-13,15:26,317.642,3.0113199999999999E-308,31.956666666666667,11.936028333333333,668.01779999999997,64.008731666666662,8000.4454999999998,303.58922166666667,303.44710166666670,303.32086333333336,41.451863333333336
2015-11-13,15:56,317.663,3.0113199999999999E-308,32.033333333333331,11.936310000000001,671.46320000000003,62.173548333333336,7813.2583333333341,303.66151500000001,303.58217500000001,303.36283000000003,41.367285000000003
2015-11-13,16:26,317.684,3.0113199999999999E-308,32.021666666666668,11.936850000000000,562.94736666666677,63.082186666666665,6256.2141666666666,303.70997833333337,303.69899166666670,303.43886833333335,41.387888333333336
2015-11-13,16:56,317.705,3.0113199999999999E-308,32.001666666666665,11.936565000000000,428.31558333333334,64.778080000000003,4503.1486666666660,303.71507000000003,303.72764000000001,303.50932833333337,41.094268333333332
2015-11-13,17:26,317.726,3.0113199999999999E-308,32.013333333333335,11.935183333333333,354.78179999999998,65.876283333333333,3615.8476666666666,303.56713666666667,303.71085000000005,303.52735666666666,40.787439999999997
2015-11-13,17:56,317.747,2.9403699999999999E-308,32.078333333333333,11.934446666666666,223.42240333333325,71.312721666666661,2092.6349999999993,302.34909166666671,303.78646833333335,303.55520000000001,40.422755000000002
2015-11-13,18:26,317.767,2.8694199999999998E-308,32.143333333333331,11.933710000000000,92.063006666666666,76.749160000000003,569.42233333333331,301.13104666666669,303.86208666666670,303.58304333333336,40.058070000000001
2015-11-13,18:56,317.788,2.8694199999999998E-308,32.143333333333331,11.933710000000000,92.063006666666666,76.749160000000003,569.42233333333331,301.13104666666669,303.86208666666670,303.58304333333336,40.058070000000001
2015-11-13,19:26,317.809,2.9405199999999999E-308,30.678333333333335,11.934656666666667,46.064935041666693,81.002600000000001,-25.957750000000104,300.65495666666669,301.54542000000004,303.56512333333336,39.059744999999999
2015-11-13,19:56,317.830,3.0116200000000000E-308,28.796666666666667,11.935598333333333,-0.13736922500000007,84.500510000000006,-634.88936666666666,300.15013000000005,299.14327666666668,303.52284166666669,37.991433333333333
2015-11-13,20:26,317.851,3.0116200000000000E-308,28.150000000000002,11.935580000000000,-0.33233361666666666,84.553131666666673,-613.81728333333331,300.01599000000004,299.07548833333334,303.51251166666668,37.924216666666666
2015-11-13,20:56,317.872,3.0116200000000000E-308,27.844999999999999,11.935768333333334,-0.33167158333333335,85.367153333333334,-520.40978333333328,300.07870166666669,299.47099833333334,303.51634666666672,38.071213333333333
2015-11-13,21:26,317.892,3.0116200000000000E-308,27.811666666666667,11.936809999999999,-0.34027780000000002,84.243459999999999,-377.10589999999996,300.65473166666669,301.55607666666668,303.48314833333336,38.528951666666664
2015-11-13,21:56,317.913,3.0116200000000000E-308,28.016666666666666,11.936636666666667,-0.34193281666666664,84.547541666666660,-337.92093333333332,300.90244000000001,303.31073000000004,303.43259500000005,38.807941666666665
2015-11-13,22:26,317.934,3.0116200000000000E-308,28.190000000000001,11.935639999999999,-0.32968548333333331,87.118463333333338,-451.25524999999999,300.63229666666672,303.34700000000004,303.39762000000002,38.674548333333334
2015-11-13,22:56,317.955,3.0116200000000000E-308,28.100000000000001,11.936175000000000,-0.32141033333333335,88.835726666666673,-527.04980000000000,300.35137333333336,303.31517833333334,303.36082166666671,38.496004999999997
2015-11-13,23:26,317.976,3.0116200000000000E-308,27.923333333333332,11.936434999999999,-0.32836149999999997,89.283310000000000,-536.31803333333335,300.21112166666671,303.28245833333335,303.31556000000000,38.341651666666664
2015-11-13,23:56,317.997,3.0116200000000000E-308,27.823333333333334,11.936270000000000,-0.32604441666666667,89.189116666666663,-521.31994999999995,300.25913833333334,303.28004166666670,303.30542833333334,38.303755000000002
2015-11-14,00:26,318.018,3.0116200000000000E-308,27.800000000000001,11.936051666666666,-0.32405835000000000,88.371134999999995,-546.58258333333333,300.30438333333336,303.28538500000002,303.30230500000005,38.353471666666664
2015-11-14,00:56,318.038,3.0116200000000000E-308,27.780000000000001,11.936178333333332,-0.33531268333333331,87.485683333333327,-614.77721666666662,300.29110500000002,303.25338166666671,303.28113833333339,38.365526666666668
2015-11-14,01:26,318.059,3.0116200000000000E-308,27.664999999999999,11.936484999999999,-0.34160186666666664,84.944458333333330,-641.14215000000002,300.42116666666669,303.20581833333335,303.24935500000004,38.426773333333337
2015-11-14,01:56,318.080,3.0116200000000000E-308,27.635000000000002,11.937178333333334,-0.33729864999999998,83.224081666666663,-643.35985000000005,300.40260666666671,303.16919333333334,303.20861333333335,38.350916666666670
2015-11-14,02:26,318.101,3.0116200000000000E-308,27.625000000000000,11.937801666666667,-0.33266453333333335,83.123728333333332,-639.29831666666666,300.36360500000001,303.15515166666671,303.18714833333337,38.216814999999997
2015-11-14,02:56,318.122,3.0116200000000000E-308,27.625000000000000,11.937051666666667,-0.33134056666666667,82.773629999999997,-634.60463333333337,300.46233500000005,303.13881500000002,303.16743833333334,38.219655000000003
2015-11-14,03:26,318.143,3.0116200000000000E-308,27.695000000000000,11.936285000000000,-0.33994676666666668,82.163920000000005,-625.36955000000000,300.54633333333334,303.09455166666669,303.12388000000004,38.279843333333332
2015-11-14,03:56,318.163,3.0116200000000000E-308,27.695000000000000,11.936066666666667,-0.34623596666666667,83.622266666666661,-668.73176666666666,300.22441166666670,303.07398666666671,303.10248000000001,38.054316666666665
2015-11-14,04:26,318.184,3.0116200000000000E-308,27.469999999999999,11.935741666666667,-0.34160188333333330,87.102571666666663,-722.32218333333333,299.54796666666670,303.06393666666668,303.09013500000003,37.622356666666668
2015-11-14,04:56,318.205,3.0116200000000000E-308,27.064999999999998,11.936013333333333,-0.33994678333333334,87.188654999999997,-722.00440000000003,299.42215333333337,303.02140166666669,303.05214000000001,37.447760000000002
2015-11-14,05:26,318.226,3.0116200000000000E-308,26.774999999999999,11.936505000000000,-0.33994674999999996,86.832355000000007,-723.24896666666666,299.33972833333337,302.96759666666668,303.00699500000002,37.281041666666667
2015-11-14,05:56,318.247,3.0116200000000000E-308,26.590000000000000,11.936673333333333,-0.34027779999999996,87.833425000000005,-718.80348333333336,299.05871333333334,302.87204000000003,302.93748666666670,37.032685000000001
2015-11-14,06:26,318.268,3.0116200000000000E-308,26.445000000000000,11.936545000000001,-0.34259489999999998,89.387503333333328,-709.70401666666669,298.94201000000004,302.78561500000001,302.89395500000001,36.883015000000000
2015-11-14,06:56,318.288,3.0116200000000000E-308,26.294999999999998,11.936411666666666,-0.30618380166666670,91.053996666666663,-717.32719999999995,298.90110833333335,302.08880333333337,302.89701333333335,36.949860000000001
2015-11-14,07:26,318.309,3.0116200000000000E-308,26.160000000000000,11.936679999999999,3.2458793650000044,91.682483333333337,-686.48704999999995,298.87865833333336,300.09553833333337,302.89749166666667,37.043993333333333
2015-11-14,07:56,318.330,3.0116200000000000E-308,26.125000000000000,11.936548333333333,18.070468916666677,90.967924999999994,-457.11080833333352,299.05476000000004,298.80146666666667,302.89358666666669,37.117086666666665
2015-11-14,08:26,318.351,3.0116200000000000E-308,26.460000000000001,11.935861666666666,79.242643333333376,87.274334999999994,454.35987249999988,299.85919333333334,299.30920166666670,302.86841000000004,37.498190000000001
2015-11-14,08:56,318.372,3.0116200000000000E-308,27.938333333333333,11.936215000000001,160.21316333333334,82.170411666666666,1885.4821974999995,300.77025666666668,300.81308500000000,302.74025000000000,38.070766666666664
2015-11-14,09:26,318.392,3.0116200000000000E-308,30.230000000000000,11.936908333333333,272.12851000000001,79.133803333333333,3503.1776666666660,301.09901166666668,303.43162833333338,302.75535500000001,38.416370000000001
2015-11-14,09:56,318.413,3.0116200000000000E-308,32.493333333333332,11.936501666666667,389.42865000000000,77.278681666666671,5146.3453333333337,301.44873833333338,305.38635000000005,302.97716333333335,38.858235000000001
2015-11-14,10:26,318.434,3.0116200000000000E-308,34.061666666666667,11.936056666666667,404.68451666666664,77.985036666666673,6368.1648333333333,301.48351333333335,304.38402166666668,303.14474666666666,39.090036666666670
2015-11-14,10:56,318.455,3.0116200000000000E-308,33.531666666666666,11.935694999999999,434.53896666666668,80.380975000000007,7113.2368333333334,301.10133833333333,303.24475166666667,303.32102166666670,38.908218333333330
2015-11-14,11:26,318.476,3.0116200000000000E-308,32.201666666666668,11.936040000000000,593.22520000000009,79.959656666666660,8126.7278333333334,301.10934333333336,303.51533499999999,303.46863666666667,39.086426666666668
2015-11-14,11:56,318.497,3.0116200000000000E-308,32.151666666666664,11.936291666666667,732.40601666666669,77.939063333333337,9314.3123333333333,301.35574666666668,303.58743000000004,303.53333500000002,39.454651666666663
2015-11-14,12:26,318.517,3.0116200000000000E-308,32.958333333333336,11.935940000000000,789.85506666666663,76.920701666666673,10049.183166666668,301.52827666666667,303.60130500000002,303.55128000000002,39.770628333333335
2015-11-14,12:56,318.538,3.0116200000000000E-308,33.886666666666670,11.935791666666667,829.97080000000005,76.472806666666671,10470.753000000001,301.62466833333337,303.63522833333337,303.55780833333336,40.374553333333331
2015-11-14,13:26,318.559,3.0116200000000000E-308,34.560000000000002,11.935713333333334,853.81668333333334,76.862746666666666,10644.914833333334,301.70508333333333,303.75587000000002,303.65767166666672,40.680059999999997
2015-11-14,13:56,318.580,3.0116200000000000E-308,34.714999999999996,11.935675000000000,857.94331666666665,78.136263333333332,10258.037333333334,301.83084333333335,304.00373833333339,303.84793166666668,40.619871666666668
2015-11-14,14:26,318.601,3.0116200000000000E-308,34.171666666666667,11.935895000000000,832.19938333333334,74.734526666666667,9453.6248333333333,302.46627166666667,304.25199166666670,304.01737333333335,40.968578333333333
2015-11-14,14:56,318.622,3.0116200000000000E-308,33.216666666666669,11.936118333333333,788.39258333333328,70.461716666666661,8823.4184999999998,303.10724666666670,304.29717166666671,304.08839000000000,41.202183333333330
2015-11-14,15:26,318.642,3.0116200000000000E-308,32.380000000000003,11.936365000000000,744.30838333333338,70.511196666666663,8199.2325000000001,303.09042000000005,304.23013500000002,304.05524166666669,41.227519999999998
2015-11-14,15:56,318.663,3.0116200000000000E-308,31.785000000000000,11.936416666666666,658.60815000000002,71.352946666666668,6979.8400000000001,302.88711166666667,304.23933333333338,304.01563000000004,41.303816666666670
2015-11-14,16:26,318.684,3.0116200000000000E-308,31.409999999999997,11.935935000000001,564.41350000000000,70.359234999999998,5767.5879999999997,303.02506500000004,304.44088500000004,304.18305500000002,41.545014999999999
2015-11-14,16:56,318.705,3.0116200000000000E-308,31.395000000000000,11.935309999999999,487.85595000000006,68.819848333333340,4685.5275000000001,303.21050166666669,304.62535666666668,304.35252333333335,42.031633333333332
2015-11-14,17:26,318.726,3.0116200000000000E-308,31.739999999999998,11.934933333333333,373.30916666666673,69.563429999999997,3211.7709999999997,303.08281833333336,304.69195500000001,304.33991666666668,42.014946666666667
2015-11-14,17:56,318.747,3.0116200000000000E-308,31.868333333333332,11.935140000000001,196.81824833333326,73.469771666666659,1533.2523999999999,302.67205000000001,304.75493666666671,304.40274166666671,41.195051666666664
2015-11-14,18:26,318.767,3.0116200000000000E-308,31.468333333333334,11.935745000000001,83.562991666666676,77.575856666666667,567.68449999999996,302.29866833333335,304.71616000000006,304.46827000000002,40.531416666666665
2015-11-14,18:56,318.788,3.0116200000000000E-308,30.995000000000001,11.936231666666666,53.267348499999990,76.136470000000003,221.67706300000017,302.26120666666668,304.50866833333339,304.38671166666671,40.186161666666663
2015-11-14,19:26,318.809,3.0116200000000000E-308,30.613333333333333,11.935765000000000,13.408863783333324,74.959376666666671,-235.12260366666663,301.96405000000004,303.29530000000000,304.28031666666669,39.664278333333336
2015-11-14,19:56,318.830,3.0116200000000000E-308,30.143333333333334,11.935554999999999,-0.14630624999999986,76.413156666666666,-400.86231666666669,301.56123333333335,300.80817666666667,304.21253500000000,39.258621666666670
2015-11-14,20:26,318.851,3.0116200000000000E-308,29.646666666666665,11.936523333333334,-0.34226384999999998,78.401934999999995,-407.95255000000003,301.21984166666670,299.37337666666667,304.16335333333336,38.902276666666666
2015-11-14,20:56,318.872,3.0116200000000000E-308,29.236666666666665,11.937125000000000,-0.34325686666666666,81.340530000000001,-456.37588333333338,300.87930666666671,299.66364166666671,304.16548500000005,38.584031666666668
2015-11-14,21:26,318.892,3.0116200000000000E-308,28.875000000000000,11.936534999999999,-0.34259486666666666,82.787575000000004,-505.84848333333332,300.70612333333338,301.38817833333337,304.04146166666669,38.542221666666670
2015-11-14,21:56,318.913,3.0116200000000000E-308,28.530000000000001,11.936010000000000,-0.34060881666666665,83.662729999999996,-489.51659999999998,300.58135666666669,303.30070333333333,303.86006833333334,38.402451666666664
2015-11-14,22:26,318.934,3.0116200000000000E-308,28.295000000000002,11.936016666666667,-0.33729871666666666,84.180773333333335,-506.19951666666668,300.51245166666666,303.79572500000000,303.84529833333335,38.104841666666665
2015-11-14,22:56,318.955,3.0116200000000000E-308,28.109999999999999,11.935943333333334,-0.33796071666666666,84.220541666666662,-571.03433333333339,300.41849166666668,303.75769000000003,303.84905333333336,37.724588333333330
2015-11-14,23:26,318.976,3.0116200000000000E-308,27.920000000000002,11.935838333333333,-0.33365758333333334,85.471148333333332,-553.35177666666675,300.32378333333338,303.70934500000004,303.79314666666670,37.707873333333332
2015-11-14,23:56,318.997,3.0116200000000000E-308,27.966666666666669,11.935725000000000,-0.33663670000000001,85.448888333333329,-428.55127666666669,300.99343666666670,303.67467500000004,303.72227000000004,38.388098333333332
2015-11-15,00:26,319.018,3.0116200000000000E-308,28.416666666666668,11.936280000000000,-0.34027780000000002,83.534819999999996,-306.06131666666664,301.61805333333336,303.63812166666668,303.67819500000002,38.819793333333337
2015-11-15,00:56,319.038,3.0116200000000000E-308,28.820000000000000,11.936748333333334,-0.33961574999999999,83.447284999999994,-293.50943333333333,301.31907666666672,303.64041666666668,303.68136833333335,38.606086666666670
2015-11-15,01:26,319.059,3.0116200000000000E-308,28.814999999999998,11.937026666666666,-0.34325685000000000,84.586478333333332,-423.19224999999994,300.88755666666668,303.68504833333338,303.71489500000001,38.352156666666666
2015-11-15,01:56,319.080,3.0116200000000000E-308,28.475000000000001,11.936686666666667,-0.33961579999999997,86.314341666666664,-562.66305000000000,300.47980833333338,303.71013000000005,303.73560833333335,38.183819999999997
2015-11-15,02:26,319.101,3.0116200000000000E-308,28.109999999999999,11.935041666666667,-0.33200261666666664,88.672431666666668,-548.05229999999995,300.30026000000004,303.64046833333333,303.70040500000005,38.082965000000002
2015-11-15,02:56,319.122,3.0116200000000000E-308,27.993333333333332,11.935213333333333,-0.33928474999999997,89.266761666666667,-453.71796666666665,300.33307666666667,303.57579166666670,303.63872833333335,38.067255000000003
2015-11-15,03:26,319.143,3.0116200000000000E-308,27.906666666666666,11.936164999999999,-0.33994675000000002,88.379223333333329,-518.48331666666661,300.21764333333334,303.56150666666667,303.60163500000004,37.947143333333337
2015-11-15,03:56,319.163,3.0116200000000000E-308,27.813333333333333,11.935958333333334,-0.32769943333333335,87.005621666666670,-519.64841666666666,300.35064000000000,303.54100166666672,303.57735666666667,37.931781666666666
2015-11-15,04:26,319.184,3.0116200000000000E-308,27.883333333333333,11.936086666666666,-0.33100953333333333,84.493885000000006,-416.11860000000001,300.64451000000003,303.51003166666669,303.54522000000003,38.016356666666667
2015-11-15,04:56,319.205,3.0116200000000000E-308,27.983333333333334,11.935750000000001,-0.33034751666666667,83.628118333333333,-439.67986666666667,300.57823500000001,303.46548333333334,303.49487500000004,37.922685000000001
2015-11-15,05:26,319.226,3.0116200000000000E-308,27.983333333333334,11.935710000000000,-0.33034753333333333,84.814083333333329,-551.47159999999997,300.25241000000000,303.38215333333335,303.40830833333337,37.541111666666666
2015-11-15,05:56,319.247,3.0116200000000000E-308,27.793333333333333,11.936816666666667,-0.33597466666666664,85.988581666666661,-675.99398333333329,299.75570500000003,303.30608833333338,303.33144166666671,36.976913333333336
2015-11-15,06:26,319.268,3.0116200000000000E-308,27.355000000000000,11.936764999999999,-0.32803043333333332,87.147086666666667,-748.50824999999998,299.32100166666669,303.25378000000001,303.28343166666667,36.639483333333331
2015-11-15,06:56,319.288,3.0116200000000000E-308,26.886666666666667,11.935858333333334,-0.27473793166666660,88.085845000000006,-756.49223333333327,299.08543666666668,303.22640000000001,303.31119000000001,36.461953333333334
2015-11-15,07:26,319.309,3.0116200000000000E-308,26.565000000000001,11.935628333333334,5.6705223183333375,88.004885000000002,-683.34249999999997,299.01012000000003,302.59795500000001,303.35854333333333,36.513366666666670
2015-11-15,07:56,319.330,3.0116200000000000E-308,26.456666666666667,11.935930000000001,26.073286266666656,86.690346666666670,-379.05216533333322,299.28115166666669,300.36085166666669,303.36031500000001,36.869846666666668
2015-11-15,08:26,319.351,3.0116200000000000E-308,26.841666666666665,11.936529999999999,97.427998333333321,84.195501666666672,673.94166800000028,300.19225500000005,299.36822666666671,303.39003000000002,37.385748333333332
2015-11-15,08:56,319.372,3.0116200000000000E-308,28.434999999999999,11.936101666666667,167.95483833333333,80.748678333333331,1966.4176666666669,301.09856666666667,300.69052666666670,303.41583500000002,37.917656666666666
2015-11-15,09:26,319.392,3.0116200000000000E-308,30.883333333333333,11.935931666666667,248.08453666666665,78.621091666666672,3119.6084999999998,301.44626500000004,303.16242333333338,303.43728166666671,38.151626666666665
2015-11-15,09:56,319.413,3.0116200000000000E-308,32.696666666666665,11.936000000000000,322.21010000000001,79.105860000000007,4193.9263333333329,301.29741000000001,304.66449166666666,303.50336666666669,38.066105000000000
2015-11-15,10:26,319.434,3.0116200000000000E-308,32.951666666666668,11.935898333333334,312.42323333333331,81.933643333333336,5328.5863333333336,300.95994500000000,304.34102333333334,303.61796666666669,37.948435000000003
2015-11-15,10:56,319.455,3.0116200000000000E-308,32.036666666666669,11.936271666666666,427.61590000000007,84.008581666666672,6934.3488333333335,300.80906666666669,303.53150166666671,303.65322166666670,37.889328333333331
2015-11-15,11:26,319.476,3.0116200000000000E-308,31.345000000000002,11.936616666666666,655.43349999999998,83.650080000000003,8658.9916666666668,300.80989666666670,303.29180000000002,303.66198666666668,38.005310000000001
2015-11-15,11:56,319.497,3.0116200000000000E-308,31.756666666666668,11.937166666666666,769.45429999999999,83.554919999999996,9693.0891666666666,300.92225666666667,303.88134166666669,303.77155666666670,38.294131666666665
2015-11-15,12:26,319.517,3.0116200000000000E-308,32.626666666666665,11.936916666666667,782.72118333333333,84.610180000000000,9658.2281666666659,300.99108333333334,303.98492500000003,303.92345166666667,38.476014999999997
2015-11-15,12:56,319.538,3.0116200000000000E-308,33.173333333333332,11.935536666666668,807.72201666666660,84.610470000000007,9751.1541666666672,301.11709500000001,304.10012666666671,304.06917333333337,38.767238333333331
2015-11-15,13:26,319.559,3.0116200000000000E-308,33.508333333333333,11.934848333333333,860.97045000000003,83.615216666666669,10264.085999999999,301.30772666666667,304.23629000000000,304.19432666666671,39.038196666666664
2015-11-15,13:56,319.580,3.0116200000000000E-308,33.645000000000003,11.934978333333333,885.47973333333334,81.759093333333340,10396.247499999999,301.53782833333338,304.31834333333336,304.28481833333336,39.200290000000003
2015-11-15,14:26,319.601,3.0116200000000000E-308,33.359999999999999,11.935116666666667,875.71793333333335,79.681511666666665,10085.596833333333,301.77916500000003,304.35644000000002,304.31846833333339,39.334451666666666
2015-11-15,14:56,319.622,3.0116200000000000E-308,32.523333333333333,11.935810000000000,822.60178333333329,78.968829999999997,9141.8476666666666,301.90084000000002,304.40840166666669,304.35844000000003,39.485563333333332
2015-11-15,15:26,319.642,3.0116200000000000E-308,31.508333333333333,11.936310000000001,701.69498333333331,78.281673333333330,7512.7089999999998,302.01627833333333,304.49726166666670,304.43563666666671,39.689643333333336
2015-11-15,15:56,319.663,3.0116200000000000E-308,30.925000000000001,11.936296666666667,506.02303333333327,76.849146666666670,5469.7618333333330,302.27499500000005,304.57041166666670,304.52777500000002,39.958236666666664
2015-11-15,16:26,319.684,3.0116200000000000E-308,30.830000000000002,11.936516666666666,417.60308333333330,75.165968333333339,4549.6720000000005,302.51661000000001,304.59251500000005,304.56704166666668,40.036798333333337
2015-11-15,16:56,319.705,3.0116200000000000E-308,30.915000000000003,11.936508333333334,425.12565000000001,74.094271666666671,4377.0504999999994,302.65275333333335,304.57919333333336,304.55249166666670,40.108401666666666
2015-11-15,17:26,319.726,3.0116200000000000E-308,31.056666666666668,11.936360000000001,262.18230999999992,77.709223333333327,2419.3973716666669,302.14418166666667,304.60264833333338,304.58320333333336,39.723751666666665
2015-11-15,17:56,319.747,3.0116200000000000E-308,30.271666666666665,11.936215000000001,68.059520833333309,85.168798333333328,0.26797166666658112,300.71755666666667,304.62396166666667,304.63714666666669,38.575249999999997
2015-11-15,18:26,319.767,3.0116200000000000E-308,28.730000000000000,11.935815000000000,10.520142833333340,88.410158333333328,-831.18791666666664,299.89190666666667,304.60643166666671,304.63276666666667,37.976528333333334
2015-11-15,18:56,319.788,3.0116200000000000E-308,27.695000000000000,11.936081666666666,2.3485120049999995,88.138159999999999,-869.89631666666662,299.84152500000005,304.55254166666668,304.57494500000001,37.896816666666666
2015-11-15,19:26,319.809,3.0116200000000000E-308,27.039999999999999,11.936608333333334,-9.1027611666666813E-002,90.931403333333336,-745.67833333333340,299.53943666666669,304.45844833333337,304.49446333333339,37.672883333333331
2015-11-15,19:56,319.830,3.0116200000000000E-308,26.661666666666669,11.936468333333334,-0.40449360000000001,92.637744999999995,-629.91421666666668,299.35062833333336,304.33176000000003,304.40924333333334,37.440708333333333
2015-11-15,20:26,319.851,3.0116200000000000E-308,26.488333333333333,11.936033333333333,-0.41839603333333331,92.657906666666662,-646.01446666666664,299.15408500000001,304.20219666666668,304.40062166666672,36.987155000000001
2015-11-15,20:56,319.872,3.0116200000000000E-308,26.221666666666668,11.935793333333333,-0.43726360000000003,94.580656666666670,-585.69466666666665,298.67835166666669,304.11181500000004,304.40263500000003,35.911003333333333
2015-11-15,21:26,319.892,3.0116200000000000E-308,25.920000000000002,11.935976666666667,-0.46440635000000002,96.089815000000002,-548.98246666666671,298.50854000000004,304.07665833333334,304.32737333333336,35.057904999999998
2015-11-15,21:56,319.913,3.0116200000000000E-308,25.895000000000000,11.936298333333333,-0.46705441666666669,96.891450000000006,-511.94250000000000,298.77532666666667,304.09427833333336,304.22653666666668,35.075873333333334
2015-11-15,22:26,319.934,3.0116200000000000E-308,26.149999999999999,11.936491666666667,-0.45778621666666669,96.986406666666667,-501.84666666666669,299.06845500000003,304.10980333333333,304.15789000000001,35.292118333333335
2015-11-15,22:56,319.955,3.0116200000000000E-308,26.358333333333331,11.936858333333333,-0.44984200000000002,96.736275000000006,-517.68218333333334,299.14261333333337,304.09317833333336,304.13177333333334,35.379800000000003
2015-11-15,23:26,319.976,3.0116200000000000E-308,26.423333333333332,11.936796666666666,-0.43660156666666666,96.432545000000005,-526.96041666666667,299.11910833333337,304.05993000000001,304.09792666666669,35.350041666666669
2015-11-15,23:56,319.997,3.0116200000000000E-308,26.430000000000000,11.936785000000000,-0.41872704999999999,96.012294999999995,-586.25081666666665,299.08802333333335,304.00366166666669,304.04347166666668,35.138801666666666
2015-11-16,00:26,320.018,3.0116200000000000E-308,26.410000000000000,11.936573333333333,-0.40118353333333334,95.785558333333327,-669.10906666666665,299.01087833333338,303.96890166666668,304.00262166666670,35.023551666666670
2015-11-16,00:56,320.038,3.0116200000000000E-308,26.399999999999999,11.936605000000000,-0.39754240000000002,95.931693333333328,-714.09316666666666,298.92629333333338,303.97138666666672,304.00335333333334,34.957218333333330
2015-11-16,01:26,320.059,3.0116200000000000E-308,26.320000000000000,11.936668333333333,-0.39522530000000000,96.028954999999996,-730.38546666666662,298.95618666666667,303.94394833333337,303.97729333333336,34.882573333333333
2015-11-16,01:56,320.080,3.0116200000000000E-308,26.270000000000000,11.936171666666667,-0.38959813333333332,95.998544999999993,-727.49580000000003,299.03255500000000,303.89581000000004,303.92416166666669,34.953298333333336
2015-11-16,02:26,320.101,3.0116200000000000E-308,26.320000000000000,11.936904999999999,-0.39357028333333333,95.872550000000004,-741.36178333333328,299.00176333333337,303.87155333333334,303.90399833333333,35.089314999999999
2015-11-16,02:56,320.122,3.0116200000000000E-308,26.344999999999999,11.937310000000000,-0.39621839999999997,95.644520000000000,-786.52803333333338,298.92569500000002,303.81388500000003,303.85183666666671,35.111743333333337
2015-11-16,03:26,320.143,3.0116200000000000E-308,26.245000000000001,11.936203333333333,-0.40118351666666668,95.481229999999996,-821.85011666666662,298.80980833333336,303.75978666666668,303.78988333333336,34.979714999999999
2015-11-16,03:56,320.163,3.0116200000000000E-308,26.120000000000001,11.935846666666666,-0.39820438333333330,95.662660000000002,-726.34730000000002,298.74696333333338,303.75638833333335,303.78417500000000,34.944046666666665
2015-11-16,04:26,320.184,3.0116200000000000E-308,26.130000000000003,11.936225000000000,-0.39224628333333333,95.207830000000001,-668.72511666666662,298.89318333333335,303.73302500000000,303.75033333333334,35.137754999999999
2015-11-16,04:56,320.205,3.0116200000000000E-308,26.280000000000001,11.936173333333333,-0.39158428333333334,94.789519999999996,-726.07578333333333,298.92271333333338,303.69257333333337,303.68920833333334,35.182436666666668
2015-11-16,05:26,320.226,3.0116200000000000E-308,26.335000000000001,11.936458333333333,-0.39654938333333334,95.192063333333337,-709.79008333333331,298.78866166666671,303.65183166666668,303.65724833333337,34.952653333333330
2015-11-16,05:56,320.247,3.0116200000000000E-308,26.195000000000000,11.937101666666667,-0.41243783333333334,95.078434999999999,-682.93528333333336,298.71593500000000,303.60755333333339,303.63284833333336,34.788708333333332
2015-11-16,06:26,320.268,3.0116200000000000E-308,26.095000000000002,11.937071666666666,-0.40978975000000001,94.733598333333333,-721.55420000000004,298.62777333333338,303.56238166666668,303.59824166666669,34.681031666666669
2015-11-16,06:56,320.288,3.0116200000000000E-308,25.970000000000002,11.936593333333333,-0.39158421666666665,94.837853333333328,-700.86279999999988,298.58512000000002,303.51473333333337,303.54474333333337,34.706196666666663
2015-11-16,07:26,320.309,3.0116200000000000E-308,25.930000000000000,11.936261666666667,2.9453246166666660,95.123931666666664,-602.59936666666670,298.65172666666672,303.45253666666667,303.47937666666667,34.919119999999999
2015-11-16,07:56,320.330,3.0116200000000000E-308,26.055000000000000,11.936220000000000,20.870810766666679,94.388778333333335,-424.17535666666674,298.85747500000002,303.40066000000002,303.46255500000001,35.258598333333332
2015-11-16,08:26,320.351,3.0116200000000000E-308,26.300000000000001,11.936444999999999,59.632339999999999,91.779311666666672,49.055600833333457,299.33682833333336,302.46407500000004,303.44978833333334,35.891468333333336
2015-11-16,08:56,320.372,3.0116200000000000E-308,26.905000000000001,11.936308333333333,102.84859000000000,88.557086666666663,712.21979083333360,299.85515000000004,300.55786666666671,303.40852333333333,36.779795000000000
2015-11-16,09:26,320.392,3.0116200000000000E-308,27.718333333333334,11.935553333333333,152.91843166666666,86.338278333333335,1501.6740333333332,300.11031000000003,299.78690000000000,303.39136500000001,37.430804999999999
2015-11-16,09:56,320.413,3.0116200000000000E-308,28.480000000000000,11.935251666666666,252.68729999999996,84.924115000000000,3191.1891666666675,300.24602666666669,301.44418000000002,303.40713166666671,37.705408333333331
2015-11-16,10:26,320.434,3.0116200000000000E-308,29.366666666666667,11.935720000000000,306.74376666666666,83.899798333333337,4349.5531666666666,300.36284000000001,303.09630666666669,303.45952666666670,37.924415000000003
2015-11-16,10:56,320.455,3.0116200000000000E-308,29.850000000000001,11.936733333333333,282.66948333333335,84.277339999999995,3725.9349999999995,300.36139666666668,302.89426666666668,303.49096000000003,38.160003333333336
2015-11-16,11:26,320.476,3.0116200000000000E-308,29.820000000000000,11.937505000000000,313.14286666666669,84.671978333333328,3715.9884999999999,300.36352166666671,302.97366166666671,303.48939166666668,38.427818333333335
2015-11-16,11:56,320.497,3.0116200000000000E-308,30.024999999999999,11.937088333333334,344.09161666666665,83.981713333333332,4149.1933333333336,300.45304333333337,303.50095666666670,303.51693666666671,38.603425000000001
2015-11-16,12:26,320.517,3.0116200000000000E-308,30.543333333333333,11.935976666666667,440.70468333333332,82.849126666666663,5507.0866666666661,300.68051000000003,303.62704666666667,303.61257500000005,38.982868333333336
2015-11-16,12:56,320.538,3.0116200000000000E-308,31.531666666666666,11.935745000000001,611.47703333333334,81.162521666666663,7806.9764999999998,301.03450500000002,303.73213666666669,303.67805166666670,39.480431666666668
2015-11-16,13:26,320.559,3.0116200000000000E-308,32.573333333333331,11.936191666666666,594.40688333333333,80.626003333333330,7510.4549999999999,301.16941666666668,303.78317666666669,303.70231666666672,39.567678333333333
2015-11-16,13:56,320.580,3.0116200000000000E-308,32.864999999999995,11.936031666666667,552.51138333333336,81.493331666666663,6914.6021666666666,301.17122000000001,303.84576166666670,303.74428500000005,39.667855000000003
2015-11-16,14:26,320.601,3.0116200000000000E-308,32.750000000000000,11.935470000000000,544.44796666666673,82.076636666666673,6735.2573333333330,301.25452500000000,303.89008500000000,303.81794166666668,39.679641666666669
2015-11-16,14:56,320.622,3.0116200000000000E-308,32.496666666666670,11.935691666666667,383.57703333333342,81.566680000000005,4266.5322766666677,301.36351333333334,303.97897500000005,303.94076333333334,39.485056666666665
2015-11-16,15:26,320.642,3.0116200000000000E-308,31.746666666666666,11.936235000000000,345.64436666666666,81.471689999999995,2731.6915433333329,301.43098666666668,304.07864666666671,304.00602166666670,39.445974999999997
2015-11-16,15:56,320.663,3.0116200000000000E-308,30.991666666666667,11.936631666666667,473.77879999999999,80.380751666666669,4459.7135999999991,301.69165500000003,304.09870500000005,304.00522000000001,39.661876666666664
2015-11-16,16:26,320.684,3.0116200000000000E-308,30.786666666666669,11.937108333333333,421.66404999999997,78.369598333333329,4772.4083333333319,302.09292333333337,304.07931166666668,304.01121666666671,39.980015000000002
2015-11-16,16:56,320.705,3.0116200000000000E-308,30.895000000000000,11.937101666666667,224.23047333333326,79.305099999999996,2480.1445166666663,302.04591000000005,304.05974833333335,304.01384833333333,39.772121666666663
2015-11-16,17:26,320.726,3.0116200000000000E-308,30.618333333333336,11.936658333333334,92.348978333333378,83.628294999999994,533.61043666666717,301.39185500000002,304.06500333333338,304.02024166666672,38.860703333333333
2015-11-16,17:56,320.747,3.0116200000000000E-308,29.635000000000002,11.936109999999999,38.577826500000000,88.024491666666663,-492.35676333333333,300.73831333333334,304.03391666666670,304.01522833333337,38.053308333333334
2015-11-16,18:26,320.767,3.0116200000000000E-308,28.586666666666666,11.936249999999999,17.405135333333330,90.998691666666673,-608.55099999999993,300.23236833333334,303.98387000000002,303.97447666666670,37.773229999999998
2015-11-16,18:56,320.788,3.0116200000000000E-308,27.951666666666664,11.936430000000000,8.2957538666666668,92.854100000000003,-561.00469999999996,299.84146000000004,303.97885500000001,303.95449166666668,37.722696666666664
2015-11-16,19:26,320.809,3.0116200000000000E-308,27.591666666666669,11.936571666666667,3.3090995283333315,93.570539999999994,-574.67196666666666,299.70871500000004,304.00409333333334,303.97397833333338,37.802720000000001
2015-11-16,19:56,320.830,3.0116200000000000E-308,27.320000000000000,11.936221666666667,-0.30022562166666666,94.371560000000002,-559.72355000000005,299.56992500000001,303.94727166666667,303.92319666666668,37.839268333333337
2015-11-16,20:26,320.851,3.0116200000000000E-308,27.164999999999999,11.935696666666667,-0.37437176666666666,95.121981666666670,-516.21241666666663,299.54262333333338,303.78185166666668,303.76814833333339,37.776469999999996
2015-11-16,20:56,320.872,3.0116200000000000E-308,27.079999999999998,11.936168333333333,-0.37966791666666666,95.647403333333330,-498.99006666666668,299.56951666666669,303.66133500000001,303.68447166666670,37.661155000000001
2015-11-16,21:26,320.892,3.0116200000000000E-308,26.980000000000000,11.936534999999999,-0.36708956166666667,95.763908333333333,-533.91160000000002,299.47819333333337,303.61297000000002,303.66942166666672,37.476300000000002
2015-11-16,21:56,320.913,3.0116200000000000E-308,26.910000000000000,11.936546666666667,-0.22641053333333327,95.802686666666673,-556.19180000000006,299.35942666666671,303.58933333333334,303.63658166666670,37.369295000000001
2015-11-16,22:26,320.934,3.0116200000000000E-308,26.840000000000000,11.937015000000001,-0.21283911333333336,95.931511666666665,-587.69066666666663,299.26493166666671,303.55917833333336,303.59558833333335,37.314878333333333
2015-11-16,22:56,320.955,3.0116200000000000E-308,26.695000000000000,11.937180000000000,-0.35186305833333337,96.013504999999995,-619.74231666666662,299.13491500000003,303.50300666666669,303.53561833333333,37.198655000000002
2015-11-16,23:26,320.976,3.0116200000000000E-308,26.598333333333336,11.936673333333333,-0.18834437166666659,96.175304999999994,-589.03456666666659,299.00675833333338,303.46805333333333,303.49909500000001,37.170148333333330
2015-11-16,23:56,320.997,3.0116200000000000E-308,26.593333333333334,11.936344999999999,-0.12776965833333329,96.232111666666668,-592.36788333333334,298.96716166666670,303.45356166666670,303.48274000000004,37.193289999999998
2015-11-17,00:26,321.018,3.0116200000000000E-308,26.553333333333335,11.936075000000001,-0.32736835333333336,96.214593333333340,-641.32751666666672,298.94218499999999,303.41660333333334,303.44992999999999,37.179606666666665
2015-11-17,00:56,321.038,3.0116200000000000E-308,26.473333333333333,11.936154999999999,-0.38099188333333334,96.063636666666667,-653.81648333333328,298.94656833333335,303.38676166666670,303.41890000000001,37.196591666666670
2015-11-17,01:26,321.059,3.0116200000000000E-308,26.436666666666667,11.936640000000001,-0.37172365000000002,95.931003333333337,-661.55878333333328,298.98141333333336,303.37030333333337,303.40037333333333,37.173288333333332
2015-11-17,01:56,321.080,3.0116200000000000E-308,26.426666666666666,11.936716666666667,-0.37304769999999998,95.923405000000002,-686.86775000000000,298.99475333333334,303.35411000000005,303.38561166666670,37.053486666666664
2015-11-17,02:26,321.101,3.0116200000000000E-308,26.410000000000000,11.937184999999999,-0.36973761666666666,95.526598333333339,-726.32738333333339,298.96198166666670,303.33557500000001,303.36836666666670,37.005898333333334
2015-11-17,02:56,321.122,3.0116200000000000E-308,26.389999999999997,11.937573333333333,-0.36576551666666668,95.023723333333336,-771.05330000000004,298.92387833333333,303.31537166666669,303.34636333333339,37.035421666666664
2015-11-17,03:26,321.143,3.0116200000000000E-308,26.285000000000000,11.936724999999999,-0.36609651666666665,94.836081666666672,-787.31248333333338,298.92455666666672,303.30327500000004,303.33447833333338,37.039206666666665
2015-11-17,03:56,321.163,3.0116200000000000E-308,26.160000000000000,11.936125000000001,-0.36377945000000000,94.656408333333331,-779.82506666666666,298.92031166666669,303.27946666666668,303.31797166666672,37.006913333333337
2015-11-17,04:26,321.184,3.0116200000000000E-308,26.115000000000002,11.936220000000000,-0.35715923333333333,93.770844999999994,-793.23091666666664,298.89604833333334,303.25698000000000,303.29367000000002,36.922063333333334
2015-11-17,04:56,321.205,3.0116200000000000E-308,26.100000000000001,11.936325000000000,-0.36080031666666668,92.743943333333334,-838.17876666666666,298.84785333333338,303.24955333333338,303.27858666666668,36.829920000000001
2015-11-17,05:26,321.226,3.0116200000000000E-308,26.060000000000002,11.936636666666667,-0.36775156666666664,92.676289999999995,-842.09126666666668,298.77566666666667,303.23561166666667,303.26422500000001,36.774598333333337
2015-11-17,05:56,321.247,3.0116200000000000E-308,25.920000000000002,11.936883333333334,-0.37271674999999999,92.968613333333337,-826.43115000000000,298.71174333333335,303.21150000000000,303.24523833333336,36.793211666666664
2015-11-17,06:26,321.268,3.0116200000000000E-308,25.815000000000001,11.936756666666666,-0.37205468333333330,93.267261666666670,-842.02840000000003,298.64688000000001,303.16229833333335,303.18256166666669,36.852656666666668
2015-11-17,06:56,321.288,3.0116200000000000E-308,25.805000000000000,11.936363333333333,-0.33895368333333331,93.505361666666673,-843.08766666666668,298.59159000000005,303.10556000000003,303.11822000000001,36.823166666666665
2015-11-17,07:26,321.309,3.0116200000000000E-308,25.800000000000001,11.936061666666667,3.1263840500000009,93.786436666666660,-761.62626666666665,298.50349666666671,303.05886333333336,303.07413500000001,36.721460000000000
2015-11-17,07:56,321.330,3.0116200000000000E-308,25.805000000000000,11.936550000000000,26.760120866666671,93.539029999999997,-401.14706514999978,298.63935166666670,303.03024833333336,303.03167000000002,36.803235000000001
2015-11-17,08:26,321.351,3.0116200000000000E-308,26.145000000000000,11.936518333333334,99.478888333333344,90.426146666666668,368.87693318333322,299.26901333333336,303.03642500000001,303.06219166666671,37.487485000000000
2015-11-17,08:56,321.372,3.0116200000000000E-308,27.738333333333333,11.936158333333333,176.63619499999999,83.339453333333324,1663.7327816666673,300.67674833333336,303.10167166666668,303.13135000000000,38.405189999999997
2015-11-17,09:26,321.392,3.0116200000000000E-308,30.523333333333333,11.936893333333334,296.18624499999999,79.391966666666661,3745.1266666666661,301.29356666666672,303.21456500000005,303.17987000000005,38.791055000000000
2015-11-17,09:56,321.413,3.0116200000000000E-308,32.246666666666670,11.937234999999999,394.13586499999997,81.221774999999994,5692.6771666666673,300.85539000000000,303.25169000000000,303.23637166666668,38.727249999999998
2015-11-17,10:26,321.434,3.0116200000000000E-308,32.191666666666670,11.937481666666667,305.66988833333329,82.425500000000000,6462.3270000000002,300.82093166666670,303.18333333333334,303.30794000000003,38.685360000000003
2015-11-17,10:56,321.455,3.0116200000000000E-308,31.579999999999998,11.937196666666667,398.20790666666670,81.379339999999999,7473.5171666666674,300.96231000000000,303.19691833333337,303.37365000000005,39.141241666666666
2015-11-17,11:26,321.476,3.0116200000000000E-308,31.160000000000004,11.936690000000000,661.15593333333334,80.167455000000004,8908.3439999999991,301.18569500000001,303.42479666666668,303.45923833333336,39.712336666666666
2015-11-17,11:56,321.497,3.0116200000000000E-308,31.219999999999999,11.936576666666667,723.94283333333328,79.523743333333329,9212.9373333333333,301.36823000000004,303.65327166666668,303.56510666666668,40.097895000000001
2015-11-17,12:26,321.517,3.0116200000000000E-308,31.395000000000000,11.936378333333334,616.83912333333330,77.935951666666668,7891.2808666666660,301.51397166666669,303.71555666666671,303.63497000000001,40.448529999999998
2015-11-17,12:56,321.538,3.0116200000000000E-308,31.738333333333333,11.936380000000000,489.35215666666670,76.846748333333338,6245.1443666666664,301.61041333333338,303.77776166666672,303.66184500000003,40.653320000000001
2015-11-17,13:26,321.559,3.0116200000000000E-308,32.006666666666668,11.935921666666667,293.12804499999987,77.686160000000001,3471.5151949999990,301.64964500000002,303.80356166666667,303.68570500000004,40.557189999999999
2015-11-17,13:56,321.580,3.0116200000000000E-308,31.481666666666666,11.935430000000000,95.836153333333300,81.387988333333340,632.62155833333384,301.29051000000004,303.69518000000005,303.66357500000004,39.827984999999998
2015-11-17,14:26,321.601,3.0116200000000000E-308,30.253333333333334,11.935478333333334,376.89825833333344,84.592025000000007,3265.9541249999993,300.69644666666670,303.56902500000001,303.57160666666670,39.032108333333333
2015-11-17,14:56,321.622,3.0116200000000000E-308,29.401666666666667,11.935680000000000,631.17044999999996,83.825305000000000,6763.7747616666675,300.99222500000002,303.60319666666669,303.56361333333336,39.289149999999999
2015-11-17,15:26,321.642,3.0116200000000000E-308,29.361666666666665,11.936523333333334,349.74854999999991,82.865489999999994,4154.9905166666658,301.39818000000002,303.67876666666672,303.62957166666672,39.981708333333330
2015-11-17,15:56,321.663,3.0116200000000000E-308,29.430000000000000,11.937601666666666,130.58385000000001,83.765571666666673,1101.4671166666667,301.15029000000004,303.66174666666672,303.64037166666668,40.193151666666665
2015-11-17,16:26,321.684,3.0116200000000000E-308,29.320000000000000,11.937316666666666,119.75023333333334,85.226563333333331,449.98729216666686,300.84838833333333,303.67991333333333,303.63098000000002,40.022616666666664
2015-11-17,16:56,321.705,3.0116200000000000E-308,29.059999999999999,11.937271666666666,79.201610000000016,86.317078333333328,-235.26165783333329,300.61694000000006,303.68925000000002,303.63618500000001,39.635336666666667
2015-11-17,17:26,321.726,3.0116200000000000E-308,28.655000000000001,11.938045000000001,32.373719666666680,90.058686666666659,-415.01638333333335,300.14741500000002,303.67028500000004,303.65514166666668,39.046468333333330
2015-11-17,17:56,321.747,3.0116200000000000E-308,28.151666666666667,11.935603333333333,10.857441166666671,93.585690000000000,-445.25078333333335,299.62941833333338,303.65339666666671,303.64866333333339,38.524143333333335
2015-11-17,18:26,321.767,3.0116200000000000E-308,27.606666666666669,11.932098333333334,2.8337715333333326,93.386466666666664,-557.02601666666669,299.39919666666668,303.63259500000004,303.63292666666672,38.029926666666668
2015-11-17,18:56,321.788,3.0116200000000000E-308,26.969999999999999,11.931680000000000,0.87287169499999961,93.827101666666664,-549.27381666666668,299.01721166666670,303.59647500000000,303.61918166666669,37.247798333333336
2015-11-17,19:26,321.809,3.0116200000000000E-308,26.359999999999999,11.932063333333334,-1.2578421666666379E-002,95.016715000000005,-544.49400000000003,298.48709166666669,303.56672333333336,303.58360166666671,36.958539999999999
2015-11-17,19:56,321.830,3.0116200000000000E-308,25.825000000000003,11.932378333333332,-0.42832629999999999,95.472051666666673,-647.44453333333331,297.87332333333336,303.53732166666668,303.55258000000003,37.033050000000003
2015-11-17,20:26,321.851,3.0116200000000000E-308,25.326666666666668,11.933136666666666,-0.39853541666666664,95.855845000000002,-692.34596666666664,297.46560500000004,303.46877666666671,303.52272833333336,36.935466666666663
2015-11-17,20:56,321.872,3.0116200000000000E-308,25.056666666666665,11.933291666666667,-0.39059115000000000,95.412899999999993,-693.85208333333333,297.76617500000003,303.38848166666668,303.47298833333338,37.059396666666665
2015-11-17,21:26,321.892,3.0116200000000000E-308,25.155000000000001,11.933383333333333,-0.37933683333333335,91.413233333333338,-900.74659999999994,298.81644000000000,303.35620833333337,303.41762166666672,37.447053333333336
2015-11-17,21:56,321.913,3.0116200000000000E-308,25.469999999999999,11.935536666666666,-0.37635778333333331,89.434486666666672,-904.72531666666657,299.26454166666667,303.37307166666670,303.40806666666668,37.643295000000002
2015-11-17,22:26,321.934,3.0116200000000000E-308,25.680000000000000,11.937358333333334,-0.38496408333333332,92.239019999999996,-698.09891666666670,298.63053833333333,303.39032833333334,303.43010666666669,37.404088333333334
2015-11-17,22:56,321.955,3.0116200000000000E-308,25.600000000000001,11.937561666666667,-0.38198494999999999,94.302861666666672,-706.02990000000000,297.95803666666671,303.37354000000005,303.41367666666667,37.145023333333334
2015-11-17,23:26,321.976,3.0116200000000000E-308,25.331666666666667,11.936740000000000,-0.38397098333333335,95.100656666666666,-718.14158333333330,297.65699000000001,303.29566166666666,303.32648500000005,37.019378333333336
2015-11-17,23:56,321.997,3.0116200000000000E-308,25.169999999999998,11.935820000000000,-0.38926716666666666,95.351460000000003,-685.19290000000001,297.77691666666669,303.21165166666668,303.24013000000002,36.943146666666664
2015-11-18,00:26,322.018,3.0116200000000000E-308,25.169999999999998,11.936271666666666,-0.38562603333333334,95.160885000000007,-667.26206666666667,297.93669166666672,303.18317333333334,303.21437000000003,36.999081666666669
2015-11-18,00:56,322.038,3.0116200000000000E-308,25.196666666666665,11.935931666666667,-0.37801278333333332,94.368801666666670,-715.16240000000005,297.98685500000005,303.16586000000001,303.19674833333335,37.126448333333336
2015-11-18,01:26,322.059,3.0116200000000000E-308,25.215000000000000,11.935431666666666,-0.37304765000000001,93.457324999999997,-785.73035000000004,298.10896333333335,303.14480666666668,303.17704500000002,37.228344999999997
2015-11-18,01:56,322.080,3.0116200000000000E-308,25.320000000000000,11.935919999999999,-0.37304766666666667,92.838934999999992,-813.14795000000004,298.30765166666669,303.14847333333336,303.17901500000005,37.284821666666666
2015-11-18,02:26,322.101,3.0116200000000000E-308,25.454999999999998,11.936458333333333,-0.37768180000000001,92.536356666666663,-819.17226666666670,298.40299500000003,303.15640333333334,303.18410666666671,37.293066666666668
2015-11-18,02:56,322.122,3.0116200000000000E-308,25.500000000000000,11.936445000000001,-0.37139259999999996,92.459975000000000,-824.14724999999999,298.35656166666666,303.14389500000004,303.17249000000004,37.346023333333335
2015-11-18,03:26,322.143,3.0116200000000000E-308,25.500000000000000,11.936113333333333,-0.36046931666666665,92.465310000000002,-805.61071666666669,298.25158833333336,303.11706666666669,303.14778833333338,37.456103333333331
2015-11-18,03:56,322.163,3.0116200000000000E-308,25.500000000000000,11.935815000000000,-0.36080033333333333,92.411725000000004,-780.72540000000004,298.20230833333335,303.08776166666667,303.12271000000004,37.496978333333331
2015-11-18,04:26,322.184,3.0116200000000000E-308,25.500000000000000,11.935710000000000,-0.35782126666666664,92.606253333333328,-782.05608333333339,298.26614833333338,303.06168666666667,303.09946000000002,37.463066666666670
2015-11-18,04:56,322.205,3.0116200000000000E-308,25.500000000000000,11.936201666666667,-0.35285614999999998,93.008873333333327,-792.43986666666672,298.37060666666667,303.04235500000004,303.07756500000005,37.356598333333331
2015-11-18,05:26,322.226,3.0116200000000000E-308,25.500000000000000,11.936478333333334,-0.36046935000000002,92.995850000000004,-796.76948333333337,298.40456333333339,303.02558000000005,303.05636166666670,37.292121666666667
2015-11-18,05:56,322.247,3.0116200000000000E-308,25.500000000000000,11.936341666666667,-0.37271671666666667,92.598553333333328,-789.57996666666668,298.35544333333337,303.01218833333337,303.04192666666671,37.275373333333334
2015-11-18,06:26,322.268,3.0116200000000000E-308,25.500000000000000,11.936906666666667,-0.37172373333333331,92.842921666666669,-773.99275000000000,298.34265000000005,302.99240166666669,303.01762166666668,37.206764999999997
2015-11-18,06:56,322.288,3.0116200000000000E-308,25.495000000000001,11.937411666666666,-0.33001658333333328,93.352761666666666,-762.41398333333336,298.36151500000000,302.95428000000004,302.94561000000004,37.146233333333335
2015-11-18,07:26,322.309,3.0116200000000000E-308,25.495000000000001,11.936805000000000,4.0611525666666681,93.459971666666661,-674.95458333333340,298.40557500000000,302.91857166666671,302.88667000000004,37.155896666666663
2015-11-18,07:56,322.330,3.0116200000000000E-308,25.580000000000002,11.937178333333334,16.811962866666665,93.308011666666673,-475.83589999999992,298.59621666666669,302.88997000000001,302.87574166666667,37.416448333333335
2015-11-18,08:26,322.351,3.0116200000000000E-308,25.981666666666666,11.938165000000000,80.598446666666689,90.701056666666659,480.46001666666598,299.40848500000004,302.87958833333334,302.86662833333338,37.985411666666664
2015-11-18,08:56,322.372,3.0116200000000000E-308,27.583333333333332,11.936400000000001,168.94187333333332,84.851043333333337,2283.5121000000004,300.75209000000001,302.90598166666672,302.89707500000003,38.768556666666669
2015-11-18,09:26,322.392,3.0116200000000000E-308,30.416666666666668,11.935650000000001,290.45047333333338,80.968365000000006,4255.9182833333334,301.37244500000003,303.01884333333334,302.97829500000000,39.486576666666664
2015-11-18,09:56,322.413,3.0116200000000000E-308,32.918333333333337,11.936308333333333,372.65434833333330,80.496039999999994,6070.6209999999992,301.22469833333338,303.20709666666670,303.05983833333335,39.961033333333333
2015-11-18,10:26,322.434,3.0116200000000000E-308,34.083333333333336,11.935798333333333,300.46553000000006,81.237253333333328,7256.5513333333338,301.06875833333334,303.36765500000001,303.16427833333336,40.169843333333333
2015-11-18,10:56,322.455,3.0116200000000000E-308,33.791666666666664,11.936063333333333,314.06869833333332,83.208348333333333,6390.0644999999995,300.98113833333338,303.39544333333333,303.27228500000001,40.261713333333333
2015-11-18,11:26,322.476,3.0116200000000000E-308,32.604999999999997,11.936371666666666,305.07877499999995,84.476179999999999,4010.9370500000005,300.92220166666669,303.38577833333335,303.28507500000001,40.329598333333330
2015-11-18,11:56,322.497,3.0116200000000000E-308,31.418333333333333,11.936488333333333,282.76445833333332,84.175811666666661,3533.0318833333336,300.95810500000005,303.37819666666667,303.26071000000002,40.338683333333336
2015-11-18,12:26,322.517,3.0116200000000000E-308,31.080000000000002,11.936283333333334,513.70484999999996,83.003680000000003,6474.2458333333325,301.13962333333336,303.42482666666672,303.30045333333334,40.465553333333332
2015-11-18,12:56,322.538,3.0116200000000000E-308,31.838333333333335,11.936413333333334,635.08434999999997,82.421040000000005,8076.6665000000003,301.25433166666670,303.59593000000001,303.39200500000004,40.569013333333331
2015-11-18,13:26,322.559,3.0116200000000000E-308,32.378333333333337,11.937255000000000,464.12789999999990,83.089169999999996,5666.6946666666672,301.25430666666671,303.70280500000001,303.50720000000001,40.498184999999999
2015-11-18,13:56,322.580,3.0116200000000000E-308,32.009999999999998,11.937453333333334,327.38983333333340,81.930421666666675,3813.7469999999998,301.53529000000003,303.73475000000002,303.64130666666671,40.593203333333335
2015-11-18,14:26,322.601,3.0116200000000000E-308,31.765000000000001,11.937085000000000,317.58595000000003,77.542259999999999,3678.9630000000006,302.25477000000001,303.79580666666669,303.75734500000004,41.015478333333334
2015-11-18,14:56,322.622,3.0116200000000000E-308,31.878333333333334,11.937226666666668,439.47154999999998,76.726241666666667,5226.5773333333327,302.41521166666672,303.91185666666667,303.82616500000000,41.167945000000003
2015-11-18,15:26,322.642,3.0116200000000000E-308,31.668333333333333,11.936788333333332,481.80038333333334,79.536365000000004,5481.8211666666666,302.07668166666667,303.98072500000001,303.75781833333338,40.900599999999997
2015-11-18,15:56,322.663,3.0116200000000000E-308,31.229999999999997,11.935671666666666,402.19763333333333,79.611715000000004,4305.3303333333333,302.14305333333334,303.81958500000002,303.48453666666671,40.842396666666666
2015-11-18,16:26,322.684,3.0116200000000000E-308,31.030000000000001,11.934886666666667,471.24226666666664,78.206644999999995,5009.7448333333332,302.33679666666671,303.50742833333334,303.25238833333339,41.223835000000001
2015-11-18,16:56,322.705,3.0116200000000000E-308,31.060000000000002,11.935185000000001,460.02401666666663,76.800073333333330,4645.2573333333321,302.39802000000003,303.40692666666666,303.20762666666667,41.189851666666669
2015-11-18,17:26,322.726,3.0116200000000000E-308,31.070000000000000,11.936076666666667,287.78191666666663,76.519413333333333,2759.8406666666660,302.36778333333336,303.58067833333337,303.21399166666669,40.878126666666667
2015-11-18,17:56,322.747,3.0116200000000000E-308,30.930000000000000,11.935919999999999,176.11751666666669,77.206081666666662,1669.7601666666667,302.34457500000002,303.76825333333335,303.20254000000000,41.009123333333335
2015-11-18,18:26,322.767,3.0116200000000000E-308,30.770000000000000,11.935230000000001,119.94285499999999,77.169353333333333,980.61194666666677,302.40924166666667,303.82050333333336,303.20929500000005,41.211881666666670
2015-11-18,18:56,322.788,3.0116200000000000E-308,30.655000000000001,11.935001666666667,69.197498333333343,79.272113333333337,297.07103619999987,302.29723000000001,303.75637000000000,303.27937166666669,41.079611666666665
2015-11-18,19:26,322.809,3.0116200000000000E-308,30.379999999999999,11.935214999999999,27.986846046666681,83.543731666666673,-117.45867713333345,301.77171833333335,303.59083833333335,303.30155500000001,40.477679999999999
2015-11-18,19:56,322.830,3.0116200000000000E-308,29.780000000000001,11.936108333333333,0.15921538666666687,87.291300000000007,-511.87293333333332,301.01727666666670,303.43495000000001,303.27868500000005,39.064263333333336
2015-11-18,20:26,322.851,3.0116200000000000E-308,28.765000000000001,11.936583333333333,-0.25719442666666664,91.933298333333326,-565.66531666666663,300.18659833333334,303.36062333333336,303.28515833333336,37.234591666666667
2015-11-18,20:56,322.872,3.0116200000000000E-308,27.820000000000000,11.936451666666667,-0.31876219499999997,95.334211666666661,-498.35123333333331,299.59598500000004,303.30586166666671,303.29270000000002,36.308376666666668
2015-11-18,21:26,322.892,3.0116200000000000E-308,27.285000000000000,11.936973333333334,-0.27639297000000002,95.960290000000001,-472.25776666666667,299.39580833333338,303.26756166666667,303.31201166666671,36.083970000000001
2015-11-18,21:56,322.913,3.0116200000000000E-308,26.984999999999999,11.937424999999999,-0.13107977666666665,96.312413333333339,-435.02918333333332,299.34651166666669,303.25204666666667,303.32490666666672,36.115046666666665
2015-11-18,22:26,322.934,3.0116200000000000E-308,26.879999999999999,11.937573333333333,-1.5557441666666661E-002,96.526629999999997,-444.22463333333332,299.29303000000004,303.24998666666670,303.34363666666667,36.217660000000002
2015-11-18,22:56,322.955,3.0116200000000000E-308,26.765000000000001,11.936843333333334,-1.0923311666666671E-002,96.422870000000003,-493.98193333333336,299.20098500000000,303.23760166666671,303.35733833333336,36.061406666666670
2015-11-18,23:26,322.976,3.0116200000000000E-308,26.631666666666668,11.936323333333334,-3.3101166666666960E-004,96.116596666666666,-535.44748333333337,299.15624833333334,303.24303166666670,303.33620333333334,35.928190000000001
2015-11-18,23:56,322.997,3.0116200000000000E-308,26.596666666666668,11.936198333333333,-1.0923303333333320E-002,96.126760000000004,-514.04776666666669,299.17607333333336,303.27919666666668,303.32000666666670,36.068800000000003
2015-11-19,00:26,323.018,3.0116200000000000E-308,26.600000000000001,11.935706666666666,-5.9581673333333342E-002,96.332563333333326,-503.49843333333331,299.20368666666667,303.27771666666666,303.28639833333335,36.239851666666667
2015-11-19,00:56,323.038,3.0116200000000000E-308,26.600000000000001,11.936288333333334,-0.10492998333333334,96.173728333333329,-540.74691666666672,299.18467833333335,303.21585000000005,303.22503166666667,36.164766666666665
2015-11-19,01:26,323.059,3.0116200000000000E-308,26.600000000000001,11.936721666666667,-0.11353623666666667,95.999393333333330,-573.02038333333337,299.13946833333335,303.17083000000002,303.19808833333337,35.985778333333336
2015-11-19,01:56,323.080,3.0116200000000000E-308,26.580000000000002,11.936631666666667,-6.2891790000000031E-002,95.965101666666669,-600.85826666666662,299.11757833333337,303.16279500000002,303.19169166666671,35.885464999999996
2015-11-19,02:26,323.101,3.0116200000000000E-308,26.513333333333332,11.936476666666666,-3.6742031666666661E-002,95.957581666666670,-639.95046666666667,299.10667000000001,303.15377333333333,303.18275833333337,35.895056666666669
2015-11-19,02:56,323.122,3.0116200000000000E-308,26.436666666666667,11.936125000000001,-7.7125176666666670E-002,95.897606666666661,-672.36626666666666,299.05571333333336,303.14394500000003,303.17297333333335,35.954230000000003
2015-11-19,03:26,323.143,3.0116200000000000E-308,26.403333333333332,11.935721666666666,-9.6985771666666679E-002,95.741751666666673,-690.58834999999999,298.95796333333334,303.13921666666670,303.16453333333334,35.919916666666666
2015-11-19,03:56,323.163,3.0116200000000000E-308,26.398333333333333,11.936008333333334,-0.11651533500000001,95.569923333333335,-680.55206666666663,298.91460166666667,303.13109500000002,303.15741666666668,35.844329999999999
2015-11-19,04:26,323.184,3.0116200000000000E-308,26.398333333333333,11.936520000000000,-0.14961628833333332,95.306078333333332,-672.00210000000004,298.98746000000000,303.13746000000003,303.16408000000001,35.865538333333333
2015-11-19,04:56,323.205,3.0116200000000000E-308,26.399999999999999,11.936070000000001,-0.14796122333333334,94.919406666666660,-659.79118333333338,299.05870500000003,303.15128166666670,303.17839833333335,35.845443333333336
2015-11-19,05:26,323.226,3.0116200000000000E-308,26.413333333333330,11.935993333333334,-0.12843164500000001,94.504800000000003,-598.96814999999992,299.11250333333334,303.15396333333337,303.18333000000001,35.868003333333334
2015-11-19,05:56,323.247,3.0116200000000000E-308,26.513333333333332,11.936741666666666,-0.12743859166666666,94.182235000000006,-569.68038333333334,299.19594666666671,303.13684000000001,303.17693000000003,35.871175000000001
2015-11-19,06:26,323.268,3.0116200000000000E-308,26.600000000000001,11.937738333333334,-0.13571384166666667,93.891736666666674,-616.81949999999995,299.17744166666671,303.10673833333334,303.16026333333338,35.636763333333334
2015-11-19,06:56,323.288,3.0116200000000000E-308,26.576666666666668,11.937993333333333,-6.8518876666666589E-002,93.793851666666669,-648.19259999999997,299.06132666666667,303.10371000000004,303.14198000000005,35.367563333333337
2015-11-19,07:26,323.309,3.0116200000000000E-308,26.489999999999998,11.937530000000001,5.2468309483333355,93.620069999999998,-609.96096666666665,299.02870000000001,303.09345000000002,303.12761000000000,35.154101666666669
2015-11-19,07:56,323.330,3.0116200000000000E-308,26.466666666666665,11.936710000000000,27.541971166666674,92.480466666666672,-366.65583083333343,299.26577166666669,303.07789166666669,303.11219500000004,35.329943333333333
2015-11-19,08:26,323.351,3.0116200000000000E-308,26.693333333333332,11.935900000000000,54.185913333333325,90.924766666666670,2.5223184999998796,299.75667166666670,303.06774000000001,303.10221000000001,35.695273333333333
2015-11-19,08:56,323.372,3.0116200000000000E-308,27.245000000000001,11.935853333333334,102.99856499999999,88.531854999999993,877.30399933333376,300.49528000000004,303.01771166666668,303.05964166666666,36.095016666666666
2015-11-19,09:26,323.392,3.0116200000000000E-308,28.969999999999999,11.935680000000000,234.42616833333329,83.242019999999997,2986.0361000000012,301.55230500000005,303.04662500000001,303.05343666666670,36.521676666666664
2015-11-19,09:56,323.413,3.0116200000000000E-308,31.338333333333335,11.936066666666667,287.62303333333330,77.780365000000003,3814.6095000000000,302.41327000000001,303.15836166666668,303.12564333333336,36.486343333333330
2015-11-19,10:26,323.434,3.0116200000000000E-308,32.225000000000001,11.936495000000001,219.51693333333333,76.826201666666663,2812.9054999999998,302.50538500000005,303.22822833333333,303.17719500000004,36.666713333333334
2015-11-19,10:56,323.455,3.0116200000000000E-308,32.103333333333332,11.936159999999999,190.42256666666668,77.718183333333329,2373.0533333333333,302.33338333333336,303.25101666666671,303.19134000000003,36.986446666666666
